,,Data SIUP  Kota Batu 2016-2018 ,,,,,,
,,,,,,,,
"SKPD PENANGGUNG JAWAB :  DINAS KOPERASI, USAHA MIKRO DAN PERDAGANGAN",,,,,,,,
Bidang Urusan : Perdagangan Tahun 2019,,,,,,,,
Bulan,Banyaknya SIUP Besar ,,Banyaknya SIUP Menengah,,Banyaknya SIUP Kecil,,Banyaknya SIUP Mikro,
,2017,Jumlah,2017,Jumlah,2017,Jumlah,2017,Jumlah
Januari,0,0,4,4,15,15,9,9
Februari,1,1,4,4,17,17,11,11
Maret,0,0,0,0,17,17,5,5
April,0,0,4,4,22,22,12,12
Mei,0,0,3,3,13,13,13,13
Juni,0,0,3,3,17,17,8,8
Juli,1,1,0,0,7,7,7,7
Agustus,1,1,4,4,19,19,20,20
September,0,0,5,5,11,11,11,11
Oktober,0,0,3,3,11,11,7,7
November,1,1,5,5,13,13,6,6
Desember,0,0,3,3,12,12,4,4
,4,4,38,38,174,174,113,113
,,,,,,,,
